year,,2011,2011,2011,2011,2011,2011,2011,2011,2011,2011,2012,2012,2012,2012,2012,2012,2012,2012,2012,2012,2012,2012,2012,2012,2012,2012,2012,2012,2012,2012,2012,2012,2012,2012,2012,2012,2012,2012,2012,2012,2012,2012,2012,2012,2012,2012,2012,2012,2012,2012,2012,2012,2012,2012,2012,2013,2013,2013,2013,2013,2013,2013,2013,2013,2013,2013,2013,2013,2013,2013,2013,2013,2013,2013,2013,2013,2013,2013,2013,2013,2013,2013,2013,2013,2013,2013,2013,2013,2013,2013,2013,2013,2013,2013,2013,2013,2013,2013,2013,2014,2014,2014,2014,2014,2014,2014,2014,2014,2014,2014,2014,2014,2014,2014,2014,2014,2014,2014,2014,2014,2014,2014,2014,2014,2014,2014,2014,2015,2015,2015,2015,2015,2015,2015,2015,2015,2015,2015,2015,2015,2015,2015,2015,2015,2015,2015,2015,2015,2015,2015,2015,2015,2015,2015,2015,2015,2015,2015,2015,2015,2015,2015,2015
week,,12,13,14,45,46,47,48,49,51,52,1,2,3,9,10,11,12,13,14,17,18,19,20,21,22,23,24,25,26,27,28,29,30,31,32,33,34,35,36,37,38,39,40,41,42,43,44,45,46,47,48,49,50,51,52,1,2,3,4,5,6,7,8,9,10,11,12,13,14,15,16,17,18,19,20,21,22,23,24,25,27,28,29,30,31,35,36,37,38,39,40,41,42,43,45,46,47,48,51,2,3,4,5,7,8,9,11,13,14,15,17,19,21,25,28,29,36,37,39,40,42,43,44,46,48,49,51,2,3,4,5,6,8,9,10,11,12,13,14,15,16,17,18,19,20,21,23,24,25,26,27,31,32,34,35,36,37,38,40,41,42,43,44
business_id,description,,,,,,,,,,,,,,,,,,,,,,,,,,,,,,,,,,,,,,,,,,,,,,,,,,,,,,,,,,,,,,,,,,,,,,,,,,,,,,,,,,,,,,,,,,,,,,,,,,,,,,,,,,,,,,,,,,,,,,,,,,,,,,,,,,,,,,,,,,,,,,,,,,,,,,,,,,,,,,,,,,,
12944.0,A Year Of High Fives!,,,,,,,,,,,,,,,,,,,,,,,,,,,,,,,,,,,,,,,,,,,,,,,,,,,,,,,,,,,,,,,,,,,,,,,,,,,,,,,,,,,,,,,,,,,,,,,,,,,,,,,,,,,,,,,,,,,,,,,,,,,,,,,,,,,,,,,,,,,,,3.0,,,,,,,,,,2.0,,,,,,,,,,,,
12944.0,Awesome High Five,9.0,1.0,1.0,1.0,,18.0,9.0,3.0,2.0,,1.0,1.0,1.0,2.0,,,,,,,,,,,,,,,,,,,,,,,,,,,,,,,,,,,,,,,,,,,,,,,,,,,,,,,,,,,,,,,,,,,,,,,,,,,,,,,,,,,,,,,,,,,,,,,,,,,,,,,,,,,,,,,,,,,,,,,,,,,,,,,,,,,,,,,,,,,,,,,,,,,,,
12944.0,Can of La Croix (any flavour),,,,,,,,,,,,,,,,,,,,,,,,,,,,,,,,,,,,,,,,,,,,,,,,1.0,1.0,,1.0,2.0,,,,3.0,1.0,,8.0,1.0,2.0,,,,3.0,1.0,,,,3.0,1.0,,1.0,,,,,,,,2.0,,,,,,,,2.0,,1.0,,,,1.0,,1.0,,,1.0,,,,,,,1.0,,,,,,,,,1.0,1.0,,,1.0,,1.0,,,,,,,,,,,,,,1.0,,2.0,2.0,,1.0,,1.0,,,,1.0,,1.0,1.0,,1.0,,,,3.0,,,,,,,
12944.0,Challenge Any Belly Member To A Game Of Ping Pong,,,,,,,,,,,,,,,,,,,,,,2.0,,,,1.0,1.0,3.0,3.0,2.0,3.0,1.0,2.0,3.0,1.0,10.0,6.0,3.0,,,,,,,1.0,1.0,,,,1.0,,1.0,,,,2.0,2.0,,3.0,,1.0,,,1.0,5.0,1.0,,3.0,,,,1.0,,1.0,,,,,,,,,,,,,,,3.0,,1.0,1.0,,,,,,,,,,1.0,,,,,,,,1.0,,,1.0,,,,2.0,,,1.0,,,,,,,,,,,2.0,,,,,,,1.0,,2.0,1.0,,1.0,1.0,,1.0,,,,,,2.0,1.0,,,1.0,6.0,,,,,,
12944.0,Challenge Logan To A Boflex Contest,,,,,,,,,,,,,,,,,,,,,,,1.0,2.0,1.0,,,1.0,,1.0,,,4.0,,,,,1.0,,,,,,,,,,,,,,,,1.0,,,,,1.0,,,,,,1.0,,,,,2.0,,,1.0,1.0,,,1.0,,,,1.0,,,3.0,,,,,1.0,,,,,,,,,,1.0,,,,,,1.0,,,,,,,,,,,,1.0,,,,1.0,,,,,,,,,,,,,,,,,,,1.0,,1.0,,,,,,,,,,3.0,,,1.0,3.0,1.0,,1.0,,,,1.0
12944.0,Chris will say something nice about you.,,,,,,,,1.0,,,,,,,2.0,,2.0,,,,1.0,1.0,,2.0,,,,,3.0,2.0,,1.0,9.0,10.0,5.0,9.0,1.0,6.0,,1.0,,,,,1.0,,,,1.0,1.0,,,,1.0,1.0,1.0,2.0,,5.0,,1.0,,,2.0,18.0,1.0,,,,4.0,,,2.0,1.0,,,,1.0,,,2.0,,,,,,,,3.0,,2.0,1.0,,,,,,,,,,1.0,,,,2.0,,,,,2.0,1.0,,1.0,,,,,,,,,,,,,,,,,,,,,,,,,,,,,,,,,,,,,,,,,,,,,,,,,
12944.0,Gift Certificate to any business located on Southport! (Price dependent on store),,,,,,,7.0,2.0,,,1.0,,,,1.0,1.0,,1.0,,,,,,,,,,,,,,,,,,,,,,,,,,,,,,,,,,,,,,,,,,,,,,,,,,,,,,,,,,,,,,,,,,,,,,,,,,,,,,,,,,,,,,,,,,,,,,,,,,,,,,,,,,,,,,,,,,,,,,,,,,,,,,,,,,,,,,,,,,,,,,,,,
12944.0,Jeep Tour of the City (One Hour Max/3 Must Claim Together),,,,,,,,,,,,,,,,,,,,,,,,,,,,,,,,,,3.0,,2.0,,,,,,,,,,,,,,,,,,,,,,,8.0,,,,1.0,8.0,9.0,,,,,4.0,,,,2.0,,,2.0,,,,,,,3.0,,,,,,,1.0,,,,,,,,,,,,,,,,,,,,4.0,,,,,,,,,,,,,,,,,,,1.0,,1.0,,,,,,,,,,,,,,,,,,,,2.0,,1.0,2.0,2.0,,,,,,1.0,1.0
12944.0,Jonah Will Drive You Anywhere In The City,,,,,,,,1.0,,,,1.0,,1.0,,,1.0,,,,,,,,1.0,,,,2.0,1.0,,1.0,6.0,5.0,5.0,6.0,1.0,,,3.0,,,,,1.0,,,1.0,1.0,,,,,,,,2.0,,2.0,,1.0,1.0,,,2.0,,,1.0,,2.0,1.0,,1.0,1.0,,,1.0,,,,,1.0,,,,,,,,,1.0,,,,,,,,,,,,,,,,,,,,,,,,,,,,,,,,,,,,,,,,,,,,,,,,,,,,,,,,,,,,,,,,,,,,,,,,
12944.0,Meet the Belly Team!,,,,,,,,,,,,,,,1.0,,,,,1.0,,,1.0,5.0,1.0,4.0,,,9.0,3.0,2.0,3.0,3.0,5.0,1.0,16.0,5.0,8.0,1.0,2.0,,,,1.0,,,2.0,1.0,2.0,1.0,1.0,4.0,,1.0,,6.0,1.0,,2.0,,28.0,17.0,,3.0,28.0,,,1.0,,1.0,1.0,,,2.0,1.0,,1.0,,,,,,,,,1.0,,,1.0,,2.0,1.0,,1.0,,2.0,,,,,,1.0,,1.0,,,,,,,1.0,,,,1.0,,3.0,1.0,2.0,1.0,,2.0,1.0,,,,,1.0,,,1.0,1.0,,,1.0,,1.0,1.0,,,,,1.0,,,,1.0,,,1.0,1.0,2.0,,1.0,,,1.0,,,,,,1.0
12944.0,Reflective Sunglasses,,,,,,,,,,,,,,,,,,,,,,,,,,,,,,,,,,,,,,,,,,,,,,,,,,,,,,,,,,,,,,,,,,,,,,,,,,,,,,,,,,,,,,,,,,,,,,,,,,,,,,,,,,,,,,,,,,,,,,,,,,,,,,,,,,,,,,,,,,,,,,,,,,,,,,,,,,,,,1.0,,,,,,
12944.0,Regular High Five,,,,4.0,1.0,17.0,15.0,8.0,1.0,3.0,6.0,1.0,,2.0,1.0,,,1.0,1.0,,,,,,,,,,,,,,,,,,,,,,,,,,,,,,,,,,,,,,,,,,,,,,,,,,,,,,,,,,,,,,,,,,,,,,,,,,,,,,,,,,,,,,,,,,,,,,,,,,,,,,,,,,,,,,,,,,,,,,,,,,,,,,,,,,,,,,,,,,,,,,,,
12944.0,Two-Handed High Five!!,1.0,,,1.0,,9.0,12.0,4.0,,,,1.0,,4.0,1.0,1.0,1.0,2.0,,2.0,1.0,,1.0,1.0,1.0,,,1.0,2.0,3.0,,,6.0,2.0,2.0,7.0,3.0,1.0,1.0,1.0,,,,,,,,1.0,,1.0,1.0,,,2.0,,,4.0,,3.0,,1.0,,,,1.0,,1.0,,,2.0,,,,1.0,,1.0,1.0,,,,,,,,,1.0,,,,,,,,,1.0,,,,,,,,,,,,,,1.0,,,,,,,,,4.0,,,,,,,,,,,,,5.0,,,,,,1.0,,,1.0,,,2.0,2.0,2.0,,,,,,2.0,8.0,1.0,,,14.0,4.0,,,,,,
13465.0,Can of La Croix (any flavour),,,,,,,,,,,,,,,,,,,,,,,,,,,,,,,,,,,,,,,,,,,,,,,,,1.0,,,,,,,,,,,,1.0,,,,,,,,1.0,,,,,,,,,1.0,,,,,,,,,,,,,,,,2.0,,,1.0,,,,1.0,,,,,,,,,,,,,,,,,,,,,,,,,1.0,1.0,,,,,,,1.0,,,,,1.0,,,,,,,,,,,,,,,,,,,,,,,,
13465.0,Challenge Any Belly Member To A Game Of Ping Pong,,,,,,,,,,,,,,,,,,,,,,,,,,,,,,,,,,,,3.0,,2.0,,,,,,3.0,1.0,3.0,,,,,,,,1.0,,,,,1.0,,,,,,,,,1.0,,1.0,,,,,,,,,1.0,,,,,,,,1.0,,,,1.0,,,,,,,,,1.0,,,,,,,1.0,,,,,,,,,,,,,,,,,1.0,,,,,1.0,,,,,,,,1.0,,,,,,,,,,,,,,,,,,,,,,,,,,
13465.0,Challenge Logan To A Boflex Contest,,,,,,,,,,,,,,,,,,,,,,,,,,,,,,,,,,,,,1.0,,,,,,,,,,,,,,,,,,,,,1.0,,,,,,,,,,,,,,,,,,,,,,,,1.0,,,,,,,,,,,,,,,,,,,,,,,,,,,,,,,,,,,,,,,,,,,,,,,,,,,,,,,,,,,,,,,,,,,,,,,,,,,,,,,,,
13465.0,Chris will say something nice about you.,,,,,,,,,,,,,,,,,,,,,,,,,,,,,,,,,,,,,,,,,1.0,1.0,,,,,,,,,,,,,2.0,,1.0,2.0,,,,,,,,,1.0,1.0,2.0,1.0,,,,,1.0,,,,,,,,,,,,,,,,,,,,,,,,,,,,,,,,,,,,,,,,,,,,,,,,,,,,,,,,,,,,,,,,,,,,,,,,,,,,,,,,,,,,,,,,
13465.0,Jeep Tour of the City (One Hour Max/3 Must Claim Together),,,,,,,,,,,,,,,,,,,,,,,,,,,,,,,,,,,,,,,,,,,,,,,,,,,,,,1.0,2.0,,,1.0,,,,,,,,,,,,,,,,,,,,,,,,,,,,,,,,,,,,,,,,1.0,,,,,,,,,,,,,,,,,,,,,,,,,,,,,,,,,,1.0,,,,,,,,,,,,,,,,,,,,,,,,,,,,,,,
13465.0,Jonah Will Drive You Anywhere In The City,,,,,,,,,,,,,,,,,,,,,,,,,,,,,,,,,1.0,,,1.0,,,2.0,,,,,,,,,1.0,,,,,,,1.0,,,,,,,,1.0,,,,,,,1.0,,,,,,,,,,,,,,,,,,,,,,,,,,,,,,,,,,,,,,,,,,,,,,,,,,,,,,,,,,,,,,,,,,,,,,,,,,,,,,,,,,,,,,,,,,,,,
13465.0,Meet the Belly Team!,,,,,,,,,,,,,,,,,,,,,,,,,,,,,,,,,,,1.0,1.0,3.0,1.0,1.0,3.0,,2.0,,1.0,,4.0,1.0,1.0,1.0,,2.0,,,1.0,,1.0,,,,,1.0,,,1.0,,,,1.0,,,,,,,,,,1.0,,1.0,,,,1.0,1.0,,,1.0,,,,,1.0,,1.0,,1.0,,,,,,1.0,,,,,1.0,3.0,1.0,,,,,,,,2.0,,,,,,1.0,2.0,1.0,,,,,,,,,,,1.0,,,,,,,,,,,,,,,,,,,,,,,,,,
13465.0,Two-Handed High Five!!,,,,,,,,,,,,,,,,,,,,,,,,,,,,,,,,,,,,1.0,,2.0,,2.0,1.0,1.0,1.0,1.0,,,,,,,,,,,,,,3.0,,,,,,,1.0,,,1.0,1.0,,,,,,,,,,,,,,,,,,,,,1.0,,,,1.0,,,,,,,,,,,,,,,,,,,,,,,,,,,,,1.0,1.0,,,1.0,,,,,,1.0,,1.0,1.0,,,,,,,,,,,,,,,,,,,,,,,,,,,
17709.0,La Croix (blue),,,,,,,,,,,,,,,,,,,,,,,,,,,,,,,,,,,,,,,,,,,,,,1.0,,,,,,,,,,,,,,,,,,,,,,,,,,,,,,,,,,,,,,,,,,,,,,,,,,,,,,,,,,,,,,,,,,,,,,,,,,,,,,,,,,,,,,,,,,,,,,,,,,,,,,,,,,,,,,,,,,,,,
17709.0,La Croix (coconut),,,,,,,,,,,,,,,,,,,,,,,,,,,,,,,,,,,,,,,,,,,,,,8.0,,,,,,,,,,,,,,,,,,,,,,,,,,,,,,,,,,,,,,,,,,,,,,,,,,,,,,,,,,,,,,,,,,,,,,,,,,,,,,,,,,,,,,,,,,,,,,,,,,,,,,,,,,,,,,,,,,,,,
17734.0,La Croix (blue),,,,,,,,,,,,,,,,,,,,,,,,,,,,,,,,,,,,,,,,,,,,,,2.0,,,,,,,,,,,2.0,,,,,,,,,,,,,,,,,,,,,,,,,,2.0,,,,,,,,,,,,,,,,,,,,,,,,,,,,,,,,,,,,,,,,,,,,,,,,,,,,,,,,,,,,,,,,,,,,,,,,,,,,,,,,
17766.0,Free Bottle of Water,,,,,,,,,,,,,,,,,,,,,,,,,,,,,,,,,,,,,,,,,,,,,,,,1.0,1.0,1.0,,,1.0,,,,,,,,,,,,,,,,,,,,,,,,,,,,,,,,,,,,,,,,,,,,,,,,,,,,,,,,,,,,,,,,,,,,,,,,,,,,,,,,,,,,,,,,,,,,,,,,,,,,,,,,,,,,,,
17766.0,Free Sandwich,,,,,,,,,,,,,,,,,,,,,,,,,,,,,,,,,,,,,,,,,,,,,,,,,1.0,1.0,,,,,,,,,,,,,,,,,,,,,,,,,,,,,,,,,,,,,,,,,,,,,,,,,,,,,,,,,,,,,,,,,,,,,,,,,,,,,,,,,,,,,,,,,,,,,,,,,,,,,,,,,,,,,,,,,
17766.0,High Five From Craig,,,,,,,,,,,,,,,,,,,,,,,,,,,,,,,,,,,,,,,,,,,,,,1.0,6.0,,,,,,,,,,,,,,,,,,,,,,,,,,,,,,,,,,,,,,,,,,,,,,,,,,,,,,,,,,,,,,,,,,,,,,,,,,,,,,,,,,,,,,,,,,,,,,,,,,,,,,,,,,,,,,,,,,,,
20567.0,Ryan will compliment you,,,,,,,,,,,,,,,,,,,,,,,,,,,,,,,,,,,,,,,,,,,,,,,,,,,,,,,,,,,,,,,,,,,,,,,,,,,,1.0,,,,,,,,,,,,,,,,,,,,,,,,,,,,,,,,,,,,,,,,,,,,,,,,,,,,,,,,,,,,,,,,,,,,,,,,,,,,,,,,,,,,,,,
20567.0,Ryan will sing you a song,,,,,,,,,,,,,,,,,,,,,,,,,,,,,,,,,,,,,,,,,,,,,,,,,,,,,,,,,,,,,,,,,,,,,,,,,,,2.0,,,,,,,,,,,,,,,,,,,,,,,,,,,,,,,,,,,,,,,,,,,,,,,,,,,,,,,,,,,,,,,,,,,,,,,,,,,,,,,,,,,,,,,,
25959.0,Give Trey A Huge Hug,,,,,,,,,,,,,,,,,,,,,,,,,,,,,,,,,,,,,,,,,,,,,,,,,,,,,,,,,,,,,,,,,,,,,,,,,,,,,,,,,,,,,,,,,,,,,,,,,,,,,,,,,,,,,,,,,,,,,,,,,,,,,,,,,,,,,,,,,,,,,,,,,,,,,,,,1.0,,,,,,,,,,,
25959.0,High Five Trey!,,,,,,,,,,,,,,,,,,,,,,,,,,,,,,,,,,,,,,,,,,,,,,,,,,,,,,,,,,,,,,,,,,,,,,,,,,,,,,,,,,,,,,,,,,,,,,,,,,,,,,,,,,,,,,,,,,,,,1.0,,,,,,,,,1.0,1.0,,,,,,,,,,,,,,,,,,,,,,,,,,,,,,,,,,,,
26974.0,Jeep Tour of the City (One Hour Max/3 Must Claim Together),,,,,,,,,,,,,,,,,,,,,,,,,,,,,,,,,,,,,,,,,,,,,,,,,,,,,,,,,,,,,,,,,,,,,,,,,,,,,,,,,,,,,,,,,,,,,,,,,,,,,,,,,,,,,,,,,,,,,,,,,,,,,,,,,,,,,,,,,,,,,,,,,,,,,,,,,,,,,,2.0,,,,,
26974.0,Two-Handed High Five!!,,,,,,,,,,,,,,,,,,,,,,,,,,,,,,,,,,,,,,,,,,,,,,,,,,,,,,,,,,,,,,,,,,,,,,,,,,,,,,,,,,,,,,,,,,,,,,,,,,,,,,,,,,,,,,,,,,,,,,,,,,,,,,,,,,,,,,,,,,,,,,,,,,,,,,,,,,,,,,1.0,,,,,
28562.0,Can of La Croix (any flavour),,,,,,,,,,,,,,,,,,,,,,,,,,,,,,,,,,,,,,,,,,,,,,,,,,,,,,,,,,,,,,,,,,,,,,,,,,,,,,,,,,,,,,,,,,,,,,,,,,,,,,,,,,,,,,,,,,,,,,,,,,,,,,,,,,,,,,,,,,,,,1.0,,,,,,,,,,,,,,,,,,,,,,
28562.0,Challenge Logan To A Boflex Contest,,,,,,,,,,,,,,,,,,,,,,,,,,,,,,,,,,,,,,,,,,,,,,,,,,,,,,,,,,,,,,,,,,,,,,,,,,,,,,,,,,,,,,,,,,,,,,,,,,,,,,,,,,,,,,,,,,,,,,,,,,,,,,,,,,2.0,,,,,,,,,,,2.0,,,,1.0,,,,,,,,,,,,,,,,,,
28562.0,Jeep Tour of the City (One Hour Max/3 Must Claim Together),,,,,,,,,,,,,,,,,,,,,,,,,,,,,,,,,,,,,,,,,,,,,,,,,,,,,,,,,,,,,,,,,,,,,,,,,,,,,,,,,,,,,,,,,,,,,,,,,,,,,,,,,,,,,,,,,,,,,,,,,,,,,,,,,,6.0,,,,,,,,,,,4.0,,,,4.0,,,,,,,,,,,,,,,,,,
28562.0,Two-Handed High Five!!,,,,,,,,,,,,,,,,,,,,,,,,,,,,,,,,,,,,,,,,,,,,,,,,,,,,,,,,,,,,,,,,,,,,,,,,,,,,,,,,,,,,,,,,,,,,,,,,,,,,,,,,,,,,,,,,,,,,,,,,,,,,,,,,,,4.0,,,,,,,,,,,1.0,,,,4.0,,,,,,,,,,,,,,,,,,
29118.0,One Free Cup Of Coffee,,,,,,,,,,,,,,,,,,,,,,,,,,,,,,,,,,,,,,,,,,,,,,,,,,,,,,,,,,,,,,,,,,,,,,,,,,,,,,,,,,,,,,,,,,,,,,,,,,,,,,,,,,,,,,,,,,,,,,,,,,,,,,,1.0,,,,,,,,,,,,,,,,,,,,,,,,,,,,,,,,,,,,
30271.0,Free Toblerone,,,,,,,,,,,,,,,,,,,,,,,,,,,,,,,,,,,,,,,,,,,,,,,,,,,,,,,,,,,,,,,,,,,,,,,,,,,,,,,,,,,,,,,,,,,,,,,,,,,,,,,,,,,,,,,,,,,,,,,,,,,,,,,,,,,,,,,,,,,,,,,,,,,,1.0,,,,,,,,,,,,,,,
30351.0,Challenge Logan To A Boflex Contest,,,,,,,,,,,,,,,,,,,,,,,,,,,,,,,,,,,,,,,,,,,,,,,,,,,,,,,,,,,,,,,,,,,,,,,,,,,,,,,,,,,,,,,,,,,,,,,,,,,,,,,,,,,,,,,,,,,,,,,,,,,,,,,,,,,,,,,,,1.0,,,,,,,,,,,,,,,,,,,,,,,,,,
30351.0,Extra Batteries,,,,,,,,,,,,,,,,,,,,,,,,,,,,,,,,,,,,,,,,,,,,,,,,,,,,,,,,,,,,,,,,,,,,,,,,,,,,,,,,,,,,,,,,,,,,,,,,,,,,,,,,,,,,,,,,,,,,,,,,,,,,,,,,,,,,,,,,,,,,,,,,,,,,,,,,,,,,,4.0,,,,43.0,9.0,
30351.0,Reflective Sunglasses,,,,,,,,,,,,,,,,,,,,,,,,,,,,,,,,,,,,,,,,,,,,,,,,,,,,,,,,,,,,,,,,,,,,,,,,,,,,,,,,,,,,,,,,,,,,,,,,,,,,,,,,,,,,,,,,,,,,,,,,,,,,,,,,,,,,,,,,,,,,,,,,,,,,,,,,,,,,,,,,1.0,50.0,2.0,
30351.0,Retina Exam,,,,,,,,,,,,,,,,,,,,,,,,,,,,,,,,,,,,,,,,,,,,,,,,,,,,,,,,,,,,,,,,,,,,,,,,,,,,,,,,,,,,,,,,,,,,,,,,,,,,,,,,,,,,,,,,,,,,,,,,,,,,,,,,,,,,,,,,,,,,,,,,,,,,,,,,,,,,,1.0,,,,51.0,3.0,
30757.0,Pete Rules!,,,,,,,,,,,,,,,,,,,,,,,,,,,,,,,,,,,,,,,,,,,,,,,,,,,,,,,,,,,,,,,,,,,,,,,,,,,,,,,,,,,,,,,,,,,,,,,,,,,,,,,,,,,,,,,,,,,,,,,,,,,,,,,,,,,,,,,,,,,,,,,,,,,,,,,,,,,,,1.0,,,,,,
30757.0,Trey Won't Do Anything!,,,,,,,,,,,,,,,,,,,,,,,,,,,,,,,,,,,,,,,,,,,,,,,,,,,,,,,,,,,,,,,,,,,,,,,,,,,,,,,,,,,,,,,,,,,,,,,,,,,,,,,,,,,,,,,,,,,,,,,,,,,,,,,,,,,,,,,,,,,,,,,,,,,,,,,,,,,,,1.0,,,,,,
31099.0,Challenge Logan To A Boflex Contest,,,,,,,,,,,,,,,,,,,,,,,,,,,,,,,,,,,,,,,,,,,,,,,,,,,,,,,,,,,,,,,,,,,,,,,,,,,,,,,,,,,,,,,,,,,,,,,,,,,,,,,,,,,,,,,,,,,,,,,,,,,,,,,,,,,,,,,,,1.0,,,,,,,,,,,,,,,,,,,,,,,,,,
31099.0,Extra Batteries,,,,,,,,,,,,,,,,,,,,,,,,,,,,,,,,,,,,,,,,,,,,,,,,,,,,,,,,,,,,,,,,,,,,,,,,,,,,,,,,,,,,,,,,,,,,,,,,,,,,,,,,,,,,,,,,,,,,,,,,,,,,,,,,,,,,,,,,,,,,,,,,,,,,,,,,,,,,,1.0,,,,43.0,8.0,
31099.0,Reflective Sunglasses,,,,,,,,,,,,,,,,,,,,,,,,,,,,,,,,,,,,,,,,,,,,,,,,,,,,,,,,,,,,,,,,,,,,,,,,,,,,,,,,,,,,,,,,,,,,,,,,,,,,,,,,,,,,,,,,,,,,,,,,,,,,,,,,,,,,,,,,,,,,,,,,,,,,,,,,,,,,,,,,1.0,50.0,2.0,
31099.0,Retina Exam,,,,,,,,,,,,,,,,,,,,,,,,,,,,,,,,,,,,,,,,,,,,,,,,,,,,,,,,,,,,,,,,,,,,,,,,,,,,,,,,,,,,,,,,,,,,,,,,,,,,,,,,,,,,,,,,,,,,,,,,,,,,,,,,,,,,,,,,,,,,,,,,,,,,,,,,,,,,,1.0,,,,51.0,3.0,
